Latitude,Longitude,Titulo
-10.1694899,-48.3244246,SN Distribuidora
-10.255207,-48.3403643,BRAVO DISTRIBUIDORA DE BEBIDAS
-10.2297994,-48.3217982,Premium Distribuidora
-10.2621826,-48.3219851,Marcos distribuidora
-10.7218882,-48.3946524,Distribuidora Ribeiro
-10.1693663,-48.8774753,Barri distribuidora e mercearia
-10.3171511,-48.2967041,Distribuidora Brothers
-16.9666667,-50.4285378,DISTRIBUIDORA DO TESTINHA
-10.1603802,-48.3417896,Plano B Distribuidora De Bebidas
-17.8713265,-51.7278301,Ad√£o Distribuidora de G√°s
-7.269931,-48.2640716,JR Distribuidora
-8.8591801,-48.5057793,Distribuidora OG
-16.443919,-51.1110513,Distribuidora de Bebidas no Grau
-10.331178,-48.2987274,VEGAS DISTRIBUIDORA
-10.1964254,-48.3135307,Aquarius Distribuidora de Bebidas & Conveni√™ncia
-8.269455,-49.261257,DISTRIBUIDORA PORTO
-16.4513679,-51.1159585,Ponto Beer - Distribuidora de Bebidas
-10.1720523,-48.3158377,Centro Oeste Distribuidora
-16.5835359,-50.3079696,Super Almeida Distribuidora
-8.8522546,-48.5005319,ADV Distribuidora de Bebidas
-15.6634169,-55.9759344,SE Distribuidora de Alimentos LTDA
-17.7736924,-50.9184077,F√™nix Comercial e Distribuidora
-10.2384229,-48.3172015,Temar Transp e Distribuidora de Bebidas
-15.8766921,-52.2632704,Up distribuidora conveni√™ncia & restaurante
-16.5215221,-50.3730085,BELLA DISTRIBUIDORA E SUPRIMENTOS CORPORATIVOS
-15.9118128,-52.2288807,NKS IMP√âRIO DISTRIBUIDORA
-17.7800231,-50.9290913,Aqui Tem. Distribuidora de √°gua e g√°s ltda
-15.8931982,-52.2577412,Bello distribuidora de bebidas e gelo
-17.4463349,-51.1720962,Rei das bebidas distribuidora
-17.7713238,-50.9203531,WS EMPORIO E DISTRIBUIDORA
-17.8911602,-51.7323056,Top Distribuidora e Bar
-15.9033462,-52.2400029,E.B Distribuidora
-16.4469044,-51.1204513,"Distribuidora de Bebidas ""Dos Amigos"""
-17.8881162,-51.7132992,DISTRIBUIDORA DO GABIRU
-16.4298132,-51.1228072,BOM PRE√áO distribuidora e mercearia
-16.004467,-51.3955696,Distribuidora Altas Horas
-10.1683457,-48.313548,Distribuidora de Bebidas Cerradus
-17.7982534,-50.9403644,Distribuidora de Ovos Martins e Martins
-10.1665842,-48.3196525,Distribuidora Catarinense 'Emp√≥rio das Bebidas'
-10.1683353,-48.3162307,Distribuidora Deus Prover√°
-8.842436,-48.5132436,Distribuidora do Tadeu
-10.2438121,-48.3127317,Rota 010 Distribuidora de Bebidas
-10.1587302,-48.3428446,Distribuidora Honorato
-10.7880404,-49.61873,Distribuidora de Bebidas Tropical
-10.3383073,-48.3230719,√Åguia distribuidora
-8.2634522,-49.2673925,Distribuidora de Bebidas Ametista
-8.2705825,-49.2670634,PONTO FRIO DISTRIBUIDORA DE bebidas
-10.2556197,-48.3234593,Distribuidora De Bebidas Girassol
-10.1705817,-48.3044507,Distribuidora de Bebidas Imperatins
-10.1677304,-48.3082013,Distribuidora Gold
-10.1520685,-48.3327331,Ponto certo Beer distribuidora
-10.1776199,-48.8890786,OPEN DISTRIBUIDORA
-10.1640239,-48.3465194,Puro Malte Distribuidora & Mini box
-10.1680712,-48.3449239,Distribuidora Rota 32
-10.1963877,-48.8951519,Damafrutas Distribuidora de Frutas e Verduras em Para√≠so do Tocantins
-10.2467561,-48.318195,Distribuidora Magono
-9.0552396,-48.5232467,Distribuidora de bebidas jacarand√°
-17.775193,-50.9105606,Distribuidora de Bebidas S√£o Jo√£o
-17.8780509,-51.7295908,Distribuidora de bebidas e Conveni√™ncia Pit stop 2
-8.0379186,-50.0248983,NOVA DISTRIBUIDORA LTDA
-10.1943377,-48.304288,Provarejo Distribuidora
-10.3039484,-48.3044424,Distribuidora de Bebidas - MOUR√ÇO ATACAREJO
-10.3149698,-48.3108522,Forte Distribuidora
-10.1928827,-48.8861534,Box63 Distribuidora de bebidas e tabacaria
-9.5339251,-48.5866135,Corr√™a distribuidora de bebidas e g√°s
-10.2360978,-48.3271578,Royal Distribuidora
-17.8774013,-51.6997337,Distribuidora Rei Da Gelada
-10.1625291,-48.3164701,Distribuidora Pinheiros
-17.793644,-50.9503361,Armaz√©m Distribuidora de Bebidas
-17.8807005,-51.7043045,DISTRIBUIDORA DE BEBIDAS 3 IRMAOS
-8.7812916,-50.4720565,Distribuidora de bebidas lira
-9.5248517,-48.5903015,Distribuidora Sta Clara
-10.2412512,-48.3172417,Distribuidora Floriano
-15.8750092,-52.2660841,Prime Distribuidora e Mercearia
-16.1978698,-52.1735854,Distribuidora De Bebidas Do Neg√£o
-16.1977359,-52.1735661,Distribuidora s√£o joao
-15.8854008,-52.2391611,Qfrango Distribuidora de Alimentos
-17.8737883,-51.6780472,LC G√°s E Distribuidora De Bebidas
-16.4438391,-51.8020658,Distribuidora de Bebidas Nevado Beer
-17.7736936,-50.9191267,Brasil Distribuidora de Doces - Rio Verde
-17.5792967,-52.5481947,BAR E DISTRIBUIDORA S.A.
-17.8893916,-51.724521,Santo Gole Distribuidora
-17.5621126,-52.5471533,Caiap√≥ Transporte & Distribuidora
-17.5618097,-52.5466876,Distribuidora e conveni√™ncia do finam
-17.5765483,-52.5433523,Neto‚Äôs Bar e Distribuidora
-16.2029145,-52.1680433,Distribuidora Maximo
-17.5687019,-52.5390142,T√¥ em casa distribuidora
-16.4861379,-52.6931952,Zero Grau Distribuidora de Bebidas
-10.2417757,-48.3147256,Disbon Comercial e Distribuidora LTDA - Kibon
-10.1937625,-48.4629703,Distribuidora renascer
-10.0080866,-50.3032499,Rancho Sonho Meu(Distribuidora de Bebidas)
-10.1941777,-48.4533093,Italia Distribuidora E Conveniencia
-10.1812001,-48.3393667,Distribuidora de Bebelidas El Toro
-10.2428155,-48.3153785,Distribuidora Michelle
-10.1919889,-48.3031852,Brassol Distribuidora (FILIAL - TO)
-9.5282397,-48.5895255,KG Distribuidora
-10.1741948,-48.8818319,Distribuidora Paulista
-10.2021409,-48.8978731,DISTRIBUIDORA DE BEBIDAS CARVALHO
-10.1695451,-48.887032,Distribuidora Art Massas
-10.2417946,-48.3162452,Distribuidora de Bananas Tocantins
-10.194867,-48.8916112,Distribuidora do gordinho
-10.2188829,-48.314933,Matriz Distribuidora
-10.1698921,-48.8803611,Full House Comercial e Distribuidora em Para√≠so do Tocantins
-10.1958517,-48.89852,Provare Distribuidora
-8.7299081,-48.7628457,Distribuidora Ponto Certo
-10.1866018,-48.3055296,Alvo Distribuidora Tocantins
-17.576631,-52.5568772,PJ Distribuidora
-17.5886608,-52.5594105,Houber Beer distribuidora
-10.3159222,-48.2999505,Distribuidora Paulista
-17.5655988,-52.561411,Bahrein Distribuidora
-10.181468,-48.8920736,Distribuidora Tr√™s M
-10.1600575,-48.8912085,Distribuidora Vale do Araguaia
-9.3389609,-50.3332317,Starbucks rogerim Distribuidora
-10.2373115,-48.3154835,Uni Bom Distribuidora de Alimentos
-10.1964466,-48.3499103,Montreal Distribuidora de alimentos
-8.7422188,-49.3705711,Distribuidora
-8.7731082,-48.9341333,Distribuidora e Sorveteria Ponto Frio
-9.2723414,-49.9538536,Distribuidora de Bebidas imperial
-9.7988177,-49.2160667,Distribuidora : Altas Horas
-9.9716593,-49.0400665,Distribuidora s√£o Jos√©
-9.3402188,-50.3281017,Distribuidora Juvenil
-9.340291,-50.3341734,Starbucks rogerim Distribuidora 24 horas
-9.3337479,-50.3551843,DISTRIBUIDORA DE BEBIDAS GELO NORTE
-9.3313362,-50.3394325,PitStop Distribuidora e Conveni√™ncia
-9.2533009,-49.0683845,Distribuidora do Arruda & Espetinho do Ronaldo
-9.3330848,-50.3580641,Supermercado E Distribuidora Esquinao Do Neto
-17.5584726,-52.5556918,Chama Distribuidora De Bebidas
-17.560003,-52.545756,Distribuidora Exito
-17.5662757,-52.546881,Citrus Distribuidora Frutas Verduras
-17.5406066,-52.5476136,Distribuidora de Bebidas WM
-17.5663693,-52.5481955,DISTRIBUIDORA JUNIOR
-17.5373985,-52.5391968,Distribuidora Capit√£o bebidas
-16.9663528,-51.8119097,BAR E DISTRIBUIDORA DO APARECIDO
-17.5457588,-52.5431995,Goi√°s distribuidora de alimentos
-16.7204566,-52.3157104,Edimar Distribuidora
-16.7636953,-52.8348206,EMP√ìRIO M.A. Distribuidora de Bebidas
-9.2727663,-49.9574849,ADEGA C&A distribuidora de bebidas
-9.628101,-49.1537276,Distribuidora prime
-9.802393,-49.2148752,EMP√ìRIO SILVA distribuidora de bebidas
-9.6238147,-49.1538994,Mercearia e Distribuidora de Bebidas JR
-9.3366109,-50.3348742,Tony Distribuidora
-9.3157673,-50.3244049,Peg e Pag e Distribuidora Souza e Bar d Jil√≥
-9.3364754,-50.3361506,T√¥ No Trabalho Distribuidora
-9.4703492,-49.9002539,Distribuidora Martins
-9.7971114,-49.657457,Jv Minimercado Distribuidora
-17.5470193,-52.5438886,Distribuidora de Bebidas Alaska
-17.5427592,-52.5439259,Comercial e Distribuidora Resenha
-12.7365314,-60.153232,Distribuidora Palma
-12.7154596,-60.1438039,Distribuidora Cone-sul e Restaurante
-12.7248604,-60.1250286,Distribuidora de Bebidas Ariedo (Maraj√°)
-12.7329708,-60.0927654,Distribuidora De Bebidas Barrelas 2
-12.5462673,-60.9064088,JDC DISTRIBUIDORA
-12.7290367,-60.1268236,Pimentel Beer Distribuidora
-12.7234522,-60.1421415,Distribuidora De Bebidas Ponto Certo
-13.188863,-60.8289168,Distribuidora do NEGO
-12.7145392,-60.1268732,ü•áRG Distribuidora de Cimento
-11.6879335,-61.1599387,Max distribuidora e marmitaria
-13.726331,-59.2525945,Imp√©rio distribuidora
-13.1934224,-60.8111704,Premium Beer Distribuidora
-12.7158411,-60.1341717,RS BAR & DISTRIBUIDORA
-12.7303452,-60.1316761,Espetinho E Distribuidora Werneck Por√ß√µes E Bebidas
-13.1964153,-60.8231898,DISTRIBUIDORA HAPPY HOUR
-12.7385162,-60.1047074,Distribuidora Xir√∫
-13.1929469,-60.8311038,Distribuidora de bebidas Ribeiro
-12.7366299,-60.112105,Paiol Distribuidora
-12.7289633,-60.1361788,Conveni√™ncia e distribuidora Sousa
-12.7397789,-60.1259499,Distribuidora Zanardi
-12.2293438,-60.6876276,Sab√° Distribuidora
-12.7357182,-60.1209858,Boh√™mio's Distribuidora & Lanchonete
-12.7321646,-60.1372606,Distribuidora de Bebidas Tibes
-12.7426944,-60.1330935,Distribuidora Pague Menos
-12.7363344,-60.140442,Mr. Beer - Distribuidora de Bebidas
-13.1247385,-60.5403657,Distribuidora Almeida
-12.71325,-60.1533887,I&G DISTRIBUIDORA DE BEBIDAS
-12.7508233,-60.1020196,Distribuidora velasco's
-12.7443876,-60.1224016,VIANORTE DISTRIBUIDORA
-12.7324249,-60.145868,Barba Distribuidora de Bebidas
-12.731105,-60.1124953,Distribuidora de bebidas esperan√ßa
-12.7356062,-60.1215233,Distribuidora de Bebidas TikTok
-12.7274403,-60.1433287,Emp√≥rio Distribuidora
-13.1888244,-60.8241151,DISTRIBUIDORA de Bebidas GASPARETTO
-12.7375264,-60.1475577,Ze Beer conveni√™ncia e distribuidora
-12.7151671,-60.1312432,Distribuidora Abaixo de Zero
-12.7274267,-60.1214864,Distribuidora L.B
-12.7259929,-60.1245811,MERCADO E DISTRIBUIDORA Skinao
-12.7422487,-60.1299145,L√≠der Distribuidora de Bebidas
-12.9989525,-60.938023,Distribuidora carlos
-12.5538882,-60.9026316,Distribuidora Ramires
-12.7287904,-60.1141423,distribuidora do leo
-12.7241093,-60.1360273,Distribuidora Brizolla
-12.743787,-60.1425253,Imp√©rio Distribuidora
-12.7179119,-60.123018,Stop Distribuidora
-12.7381939,-60.1524835,Distribuidora Kramer Lind'Agua
-12.7480188,-60.1225882,DALLAS Distribuidora Lind'√Ågua
-12.7287308,-60.0963402,Distribuidora RIBEIRO
-12.5558514,-60.9008513,Master Distribuidora
-12.7344136,-60.1110488,R&R distribuidora
-13.1201434,-60.5404288,DISTRIBUIDORA ZAMPIERON
-12.7390832,-60.1190927,Distribuidora La casa de bebidas
-12.7442901,-60.1438362,RL Distribuidora
-12.5475413,-60.9028235,Distribuidora Magalh√£es
-12.7486609,-60.121394,Distribuidora e Conveni√™ncia 5¬∫ BEC
-12.7230886,-60.1401475,Distribuidora TEN DE TUDO
-12.742854,-60.1452087,ALFA DISTRIBUIDORA E CONVENI√äNCIA
-12.7157009,-60.1434945,Distribuidora JC
-12.7234261,-60.1388602,Distribuidora Rond√¥nia
-12.7407699,-60.1087115,Distribuidora & Mercearia B.P
-12.7174769,-60.143881,Prime Distribuidora
-12.7316208,-60.1447306,Distribuidora Dhielvis
-12.736665,-60.1077491,Mercado E Distribuidora Luana
-12.7561521,-60.0957604,DBA DISTRIBUIDORA DE BEBIDAS AMAZONIA LTDA
-12.7292366,-60.1259731,Distribuidora Glauber
-3.1266965,-59.9956368,Fenix Distribuidora De alimentos Manaus
-29.6363222,-51.4039215,Distribuidora de alimentos
-23.5498475,-46.5840549,Armazem 01 Distribuidora de Bebidas
-17.5352549,-39.7416503,Distribuidora de Bebidas zilei
-22.3093444,-46.3215701,Distribuidora JS
-25.6609547,-49.3035197,Kaw White Distribuidora
-29.7079009,-52.444562,Difesta Distribuidora de Bebidas
-19.8621259,-43.9458011,Distribuidora Rodrigues
-17.757672,-48.6151517,Super London Distribuidora de Bebidas
-16.7150705,-49.3680054,point beer distribuidora
-24.1804674,-46.8210373,BRASFORT DISTRIBUIDORA DE BEBIDAS EM GERAL
-25.4063388,-49.2069019,Distribuidora e Com√©rcio de bebidas Integra√ß√£o
-16.6489625,-49.1485152,Distribuidora Estrela do Sul
-19.5814432,-43.915786,"Distribuidora,Adega e A√ßaiteria Gelada Delivery"
-12.2536092,-38.9622313,POP DISTRIBUIDORA DE ALIMENTOS
-25.5372091,-49.1522592,Distribuidora Nova Gera√ß√£o - S√£o Jos√© dos Pinhais
-23.2880746,-45.9694874,SANTA AMELIA DISTRIBUIDORA PET
-29.9329265,-51.1042019,MT Distribuidora
-26.278938,-48.8633515,Diversit√° Distribuidora de Alimentos
-7.1928028,-34.9038946,Riograndense Distribuidora
-5.9938754,-35.261524,Riograndense Distribuidora Ltda
-22.5255657,-55.7135395,Distribuidora de Alimentos
-21.1860678,-47.8371721,Mercantil Distribuidora de Bebidas
-27.6172573,-48.6481502,Nutrifrios Distribuidora de Alimentos Congelados e Secos
-19.8685704,-43.999461,Fast Distribuidora
-3.8727646,-38.4874802,D'Origem Distribuidora
0.0463132,-51.0545137,Distribuidora Carvalho
-26.8531433,-49.0352978,2R Distribuidora de Alimentos
-22.2458234,-42.5200861,CCN Distribuidora
-8.161795,-34.9446087,Focus Distribuidora
-29.6765209,-51.120302,VALE MAIS BRASIL DISTRIBUIDORA DE ALIMENTOS
-5.0651764,-42.7694198,Mix Distribuidora
-14.4597481,-56.8462841,Mercado & Distribuidora Lima
-27.3358919,-53.0462833,Vandal Distribuidora de Alimentos
-5.7969631,-35.2157757,Mix Distribuidora
-23.1628932,-46.9528083,LG Distribuidora
-20.336379,-40.3898885,Lube Distribuidora
-21.4158214,-45.9682042,Distribuidora de Prod. Aliment√≠cios Pazotti
-23.0021017,-43.6342453,Jcat Distribuidora
-7.2903957,-39.3184776,DSA - Distribuidora Sorriso de Alimentos
-16.6917656,-49.3155854,R W Distribuidora de Bebidas e Alimentos
-23.544207,-46.6156466,Distribuidora de Produtos Aliment√≠cios
-23.50563,-46.448988,Distribuidora Caue
-5.356794,-49.0888602,Distribuidora Tocantins
-22.7575435,-43.3127846,Distribuidora De Alimentos
-8.0358207,-34.930969,EBA Distribuidora
-5.8221497,-35.2302465,Distribuidora de Alimentos
-26.4693145,-48.959114,Dequech - Distribuidora de confian√ßa
-23.6621204,-46.5218655,Nesvig Distribuidora De Produtos Alimenticios Ltda
-22.5691844,-42.3953802,Distribuidora de alimentos
-22.9489716,-47.0543606,Brasil Food Services Distribuidora - Distribu√≠mos Produtos Diferenciados
-20.8553485,-49.371067,SOMAR Distribuidora
-12.8961519,-38.3326925,Lutan Distribuidora
-8.7608294,-63.8957585,Distribuidora de Morangos N.O
,,Distribuidora Joaquim
-3.0752603,-60.0578779,DISTRIBUIDORA MERC.NALDO
-4.0920852,-63.1396729,Distribuidora Naiely 2
-3.7835163,-38.47783,Petisco Distribuidora de Alimentos
-23.5519167,-46.530667,door distribuidora de alimentos
-25.5713076,-49.1722362,STAMPA FOOD DISTRIBUIDORA DE ALIMENTOS LTDA
-20.7283734,-47.7534834,ALIMENTAR DISTRIBUIDORA DE ALIMENTOS
-23.6499736,-46.7326035,Tiba Distribuidora / Comercial de Alimentos Tiba
-22.8370769,-43.3398712,Dois Irm√£os Distribuidora de Alimentos
-23.588726,-46.771511,AT Distribuidora
-3.0644275,-60.0478558,Distribuidora Luan
-4.0909513,-63.1437137,Distribuidora H√©ctor
-18.8530514,-48.2918192,Far Distribuidora de Alimentos
2.824665,-60.7107772,Parima Distribuidora
-3.0841051,-60.0516757,Distribuidora Pedr√£o
-4.0943496,-63.141582,Distribuidora Santa Efig√™nia
-25.4648017,-49.187639,Distribuidora de Alimentos Top Food
-29.9110412,-51.1386837,KEM DISTRIBUIDORA DE ALIMENTOS
-23.6306005,-46.7063454,GNT Brasil Distribuidora de Alimentos
-23.5014316,-46.4450022,Distribuidora de alimentos
-4.0829164,-63.1423511,G. S Distribuidora
-3.3617386,-68.1977304,Distribuidora J Rodrigues
-4.0844601,-63.1405531,Coari Skoll Distribuidora
-3.5788153,-61.4063714,Distribuidora S√≠lvio Jorge
-4.2337633,-69.9269043,Bar e Distribuidora Garagem
-4.3880818,-70.0280106,Bar e Distribuidora Sereia Azul.
-2.985579,-60.0038588,Dom Pedro Distribuidora
-2.8603215,-67.7719854,Distribuidora RJ
-4.2319625,-69.9430386,Distribuidora Sub 0
-0.9767848,-62.924894,Distribuidora Caneco do Kiko
-4.3815698,-70.0305561,Distribuidora QK
-4.2349739,-69.9375926,Distribuidora Resende
-3.0541822,-59.9919364,Fennix Brasil Distribuidora
-4.3701748,-70.1909823,Distribuidora anthony garotinho
-4.2254085,-69.9368539,DISTRIBUIDORA IMP√âRIO
-4.2312926,-69.9334293,Distribuidora de Bebidas J.S Oliveira
-4.0896365,-63.1441223,Distribuidora do Kaka
-4.0291794,-69.6772551,Distribuidora Multimarcas
-3.365462,-68.1976852,Distribuidora Italo
-2.7504655,-66.7711876,WG DISTRIBUIDORA
-3.1025843,-67.9464151,Distribuidora do Mambira
-0.1298124,-67.0894661,Distribuidora Nogueira
-2.5153645,-66.0973727,Distribuidora 24 Horas
-3.2097218,-64.8149033,Distribuidora OV√çDIO NETO
-3.3523484,-64.7255688,DISTRIBUIDORA ARTHUR
-2.5158258,-66.0926219,Distribuidora G.W
-2.5165811,-66.0961953,Distribuidora Lf
-2.5222495,-66.0917937,Distribuidora e Mercadinho Enaly
-1.8580621,-65.591346,Sal√£o da Joyce e Distribuidora R.M
-4.2017965,-55.4875458,Bar e Distribuidora MC Divin√≥polis km 70
-2.4371337,-54.7285423,GS Distribuidora
-2.4219687,-54.7241808,DISTRIBUIDORA DE BEBIDAS J&J.
-2.6430225,-56.749952,Canela Com√©rcio e Distribuidora
-2.4545901,-54.7620665,Distribuidora de Bebidas - Happy Hour
-2.6406652,-56.7400453,Imp√©rio beer distribuidora de bebidas
-2.6366183,-56.7396659,Rio Solim√µes Distribuidora de Bebidas
-2.4472508,-54.7190684,Distribuidora de Bebidas Caixa D'√°gua
-2.4512878,-54.688719,Distribuidora Dubai
-2.4475676,-54.7132796,Distribuidora de Bebidas Hora do Gelo
-2.4217522,-54.7347012,Distribuidora R ovos
-2.4550589,-54.7524305,Sede Zero Distribuidora de Bebidas
-2.4449794,-54.7182974,Distribuidora Puro Malte
-2.4843031,-54.6832051,JF distribuidora de bebidas
-2.444804,-54.755065,Rian Distribuidora de Bebidas
-2.4490646,-54.713294,Paradise Beer Distribuidora
-4.2689199,-56.0019385,Top Beer Distribuidora
-2.4399764,-54.7235917,Distribuidora DR
-2.6242314,-56.7284285,TH Distribuidora
-2.4614766,-54.7233676,Distribuidora Emp√≥rio da breja
-2.441633,-54.7032964,D&M Distribuidora
-3.8713497,-54.215399,Distribuidora martins
-2.4597357,-54.7044803,Villa Mix Distribuidora
-2.441891,-54.7428482,Distribuidora de bebidas vieira
-2.4455605,-54.6972575,Beb√™ Distribuidora
-2.1036602,-56.4926601,DISTRIBUIDORA FLORYNDA
-2.6291287,-56.7400812,Distribuidora Oliveira
-2.4544906,-54.7208749,Distribuidora de bebidas Silva
-2.4554572,-54.7232322,Distribuidora Dur√£es
-2.4511953,-54.761142,BS Distribuidora de Bebidas
-2.4379472,-54.702525,Distribuidora nova fonte
-3.7195424,-53.7420119,Distribuidora e Geleira Sk
-2.4490808,-54.689913,Distribuidora T√¥ No Trabalho
-3.7208717,-53.7431773,Distribuidora Ponto dos amigos
-2.4262321,-54.7043568,Mega Distribuidora
-2.485886,-54.6771409,Distribuidora Masa
-2.4193007,-54.7228164,Gval Distribuidora
-2.4445292,-54.7028857,Mercantil E Distribuidora De Gelo Bianca
-2.4526293,-54.7546192,Distribuidora do Preto
-2.6870918,-54.639247,Distribuidora Vandin
-2.4237836,-54.7252524,Distribuidora Mana
-2.451984,-54.7086996,Distribuidora Nogueira
-2.4371244,-54.7266842,Distribuidora Mateus
-2.4289934,-54.7335628,Arati distribuidora
-2.4448975,-54.7447383,HM distribuidora de bebidas e Conveni√™ncias
-2.4234174,-54.7286388,Distribuidora √â pra j√°
-2.4244543,-54.7412462,EBD Distribuidora - Santar√©m/PA
-2.4283224,-54.7457544,Mercearia e distribuidora 3 irm√£os (Pelota)
-2.4596153,-54.6775989,Distribuidora Nogueira
-2.4557203,-54.7196987,Distribuidora e conveni√™ncia Santos & Pacheco
-4.2699589,-55.977584,distribuidora rodrigues
-4.7014802,-55.9985101,Deise Distribuidora
-2.4423407,-54.7480477,RL DISTRIBUIDORA
-2.6194128,-54.7320589,Distribuidora M & M - Atacado e Varejo
-2.4337222,-54.7087077,Distribuidora Jr Salgadinhos Micos
-4.2902087,-55.9575777,SOUSA G√ÅS E √ÅGUA DISTRIBUIDORA
-2.4474356,-54.7526344,Emp√≥rio Distribuidora
-4.2520486,-55.9950829,Distribuidora do vov√¥
-2.4293171,-54.7362799,Distribuidora de G√™neros Aliment√≠cios Nordeste
-4.2617661,-55.9916711,RAPID√ÉO DISTRIBUIDORA DE BEBIDAS
-2.6348247,-54.9350112,Distribuidora Freitas
-2.4235784,-54.7234556,Cerealista Distribuidora Bad√∫
-2.4760142,-54.6857648,DISTRIBUIDORA TODODIA
-3.7218907,-53.7403061,Alves Distribuidora
-2.4261077,-54.736118,Superdel Distribuidora
-4.2735894,-55.9873853,D' Castro Distribuidora
-4.2676242,-55.9811729,Distribuidora de Bebidas Natureza
-3.8686625,-54.2159549,Distribuidora de bebidas rei do gelo
-3.599902,-55.3247442,Distribuidora e Bar do Meng√£o
-3.8683306,-54.2130606,Distribuidora imperio placas
-4.2402849,-55.9780374,Sallon Distribuidora
-3.8663072,-54.2181137,Distribuidora e conveni√™ncia Cloth Beer
-3.8679461,-54.2136351,Distribuidora Lozano
-4.1948958,-55.4884189,Distribuidora rio verde
-4.0967395,-54.9072377,Esta√ß√£o Beer Distribuidora
-4.1963766,-55.4880467,Distribuidora c.braz
-3.8671899,-54.2136335,DISTRIBUIDORA NO PONTO
-4.100695,-54.9095728,Distribuidora Nazar√©
-3.8830902,-54.3782322,Distribuidora f√™nix
-4.1065144,-54.9121547,Distribuidora Duff Beer
-3.8830326,-54.3765929,"Espetinho e Distribuidora ""T√¥ no trabalho"""
-3.8703502,-54.2209266,Distribuidora de Bebidas e √Ågua - BH
-4.1117435,-54.9085618,Distribuidora Saraiva
-3.6054475,-55.3269782,Distribuidora Marques
-4.0960306,-54.9051156,DISTRIBUIDORA SARAIVA
-4.0942727,-54.9057214,Distribuidora Canto Frio
-4.1122282,-54.9109883,Distribuidora Maranh√£o
-3.6069322,-55.3306585,Distribuidora de Bebidas San&San
-4.0874227,-54.8918384,Distribuidora Alves
-9.9313771,-67.8336088,Bruno Distribuidora
-8.8324719,-69.2674933,Distribuidora AGS
-9.9477079,-67.8832847,Distribuidora Aqui Tem
-10.9396138,-69.5667277,HD Distribuidora
-10.937497,-69.5548217,Distribuidora Tapioca
-7.6130362,-72.6742272,Biroska Distribuidora
-7.623563,-72.6778209,Distribuidora Cristal
-10.9391799,-69.5619357,Mercearia e distribuidora GON√áALVES
-7.626391,-72.6762189,Conveni√™ncia e Distribuidora Ped√£o
-7.6539134,-72.6486713,Distribuidora RC
-8.1568653,-70.7741184,CERVA EM CASA DISTRIBUIDORA
-7.606845,-72.9091017,Distribuidora avenida
-7.6289175,-72.6783407,Distribuidora Lima
-9.4405913,-70.488056,Distribuidora Altas Horas
-9.434785,-71.8864524,Distribuidora Like Beer JD
-8.9438278,-72.7885768,Distribuidora da hora
-25.504898,-49.232986,Campestre Distribuidora Doces Chocolates Guloseimas Balas e Pirulitos em geral ltda
-15.5981094,-56.0881836,Vira Copo Bar e Distribuidora
-15.6218133,-56.1699385,Distribuidora e Hamburgueria Saideira Burguer & Beer
-15.4603677,-55.7486982,Raru Mercado e Distribuidora de bebidas
-3.7625629,-38.6527594,DISTRIBUIDORA DE ALIMENTOS
-15.6612751,-56.1353302,Distribuidora de Bebidas & Gas Vira Lata
-16.6956082,-49.27742,Distribuidora de alimentos
-15.6750023,-56.1856176,Distribuidora Divina
-2.8648756,-67.7749177,Material de Constru√ß√£o e Distribuidora J√∫lia
-12.5662129,-55.7439266,"Distribuidora Borges - Disk g√°s, Disk Bebidas, Gelo, Carv√£o"
-13.544515,-58.8164466,Pit Stop Distribuidora
-2.8619421,-67.7754901,Distribuidora √ârica
-5.8777007,-35.2122805,CDA Distribuidora
-15.580205,-56.0388124,Distribuidora Dois Irm√£os
-14.7294712,-57.0477826,Marcellu's Distribuidora
-23.7811471,-53.3266263,N R Distribuidora de Bebidas
-12.1244182,-58.000546,Brasfest Distribuidora
-15.5864674,-56.0622048,Mercearia e distribuidora A&F
-20.2987295,-40.3959871,L√©o Distribuidora
-15.585629,-56.0588553,Distribuidora Mias'Bar
-15.6740536,-56.1556541,CBC Distribuidora
-15.6448305,-56.1047914,Sakura Distribuidora de Bebidas
-12.7591409,-56.3775365,BR Mercearia e Distribuidora
-25.4490839,-49.1709113,JS Distribuidora de bebidas Pinhais
-14.7778269,-57.2774952,MT distribuidora de g√°s e bebidas
-15.0696082,-57.1821567,Distribuidora Scolari
-15.6481588,-56.0337763,Adega Distribuidora
-15.6412053,-56.1669277,Ale Distribuidora de Bebidas
-15.6303036,-56.070503,Neo Distribuidora Mato Grosso
-15.5556215,-56.0192416,Arena Mercado e Distribuidora de Bebidas
-14.384117,-56.39419,Bebfest distribuidora de bebidas
-15.580886,-56.0881969,Estrela Distribuidora
-15.3290304,-57.2049056,GASPAR BEBIDAS E DISTRIBUIDORA
-15.6310083,-56.0522466,Barros - Com√©rcio e Distribuidora de bebidas
-15.6106642,-56.1081217,Distribuidora Ipanema
-23.4610982,-45.0621381,J.R. Distribuidora de Bebidas
-16.7603989,-49.3348943,Extreme distribuidora de bebidas
-16.6856288,-43.8715548,Distribuidora Nova Gera√ß√£o - Montes Claros
-12.7360048,-56.5177551,Distribuidora Bebidas Minosso
-15.6728021,-56.0910569,Junior distribuidora de bebidas
-15.6150521,-56.1251559,Distribuidora e Conveni√™ncia Sutil
-15.595709,-56.1038935,VACA BRABA DISTRIBUIDORA
-15.639844,-56.1019143,Distribuidora & Conveni√™ncia Vit√≥ria
-21.7390196,-43.3627473,Alba Distribuidora
-20.3898057,-40.3255167,Distribuidora Vila Velha de Bebidas EIRELI
-19.8125824,-43.9558022,distribuidora AF
-15.5829277,-56.0652434,Pantanal Distribuidora
-15.6129668,-56.1317046,DISTRIBUIDORA VELOZ
-15.569893,-56.0855785,Brota Aqui distribuidora
-15.6318651,-56.0503577,Safra Distribuidora de Alimentos
-14.6352028,-57.4951246,Bar√£o Bebidas distribuidora
-15.5381038,-56.0699758,Distribuidora BV
-14.7815167,-57.289181,Imp√©rio Distribuidora
-11.8632379,-55.5153428,Distribuidora De Alimentos Monterrey Eireli Me
-14.6411209,-57.4555445,Disbev Distribuidora Ambev
-14.6593263,-57.466546,GB Distribuidora de bebidas
-15.559566,-56.0385442,DISTRIBUIDORA POT√äNCIA MERCEARIA LANCHES E EVENTOS CUIABA MT CPA
-13.5359757,-58.8276423,Distribuidora De Bebidas Dois irm√£os
-15.6622789,-56.1717283,Mercearia e Distribuidora do Baiano
-15.564661,-56.0325117,Mercearia e Distribuidora Aurora da Serra
-15.4475502,-58.7370707,Eldorado Distribuidora de Alimentos
-19.7784885,-44.0788614,Mult Distribuidora
-15.6635084,-56.1335099,CETAP Distribuidora de Produtos Alimenticios
-15.6430589,-56.1996333,Gama Distribuidora
-15.6072416,-56.0690926,MIDAS DISTRIBUIDORA DE COSM√âTICOS E ALIMENTOS
-15.6228438,-56.0913904,Agape Distribuidora de Alimentos
-15.6283731,-56.0656111,Mato Grosso Distribuidora de Alimentos
-15.6317039,-56.046166,Disnorte √Ågil Distribuidora de Alimentos
-14.4630256,-56.8422538,Distribuidora de Refrigerantes Maraj√°
-14.6121846,-57.4854818,Distribuidora Miranda Beer
-7.5465794,-72.5845667,Bar e distribuidora Marques
-7.0498437,-71.6900627,DISTRIBUIDORA DO SOM
-7.6214025,-72.6875881,Distribuidora Rafael
-14.496879,-57.0053617,ES G√ÅS e Distribuidora
-14.4605447,-56.8460271,Zero Grau Distribuidora
-13.4451006,-56.7152694,Mercearia e distribuidora M.E.G.A
-14.6011084,-57.4924856,Distribuidora do Alem√£o
-14.635486,-57.4949483,Dydyo Vilela Distribuidora
-14.6308979,-57.48598,RE DISTRIBUIDORA DE ALIMENTOS
-14.7334734,-57.0419551,Distribuidora Atlas
-14.6102275,-57.4833676,DISTRIBUIDORA BRIATO
-14.6205435,-57.5076214,Guapor√© Distribuidora de Produtos Aliment√≠cios
-14.605665,-57.4933983,JK Distribuidora e Conveni√™ncia
-14.6093502,-57.4815484,Disconti Distribuidora de Bebidas
-13.4578205,-56.7249322,Mercado e distribuidora 24 Horas
-13.4534075,-56.7305461,Distribuidora de Bebidas Diamante Azul
-12.3168205,-38.8774571,MAM Distribuidora
-7.0489539,-71.6933819,Distribuidora do Tio D Carlos
-7.5981565,-72.6832696,Distribuidora de Bebidas Damasceno
-7.6182439,-72.7000458,Distribuidora JR
-7.6261546,-72.8799468,Distribuidora REIS
-7.0457058,-71.6910166,CONVENI√äNCIA E DISTRIBUIDORA M.R
-7.6362115,-72.6777886,DISTRIBUIDORA DO LORO - BEBIDAS
-7.6237413,-72.658972,DG DISTRIBUIDORA
-7.628704,-72.8770465,Distribuidora REIS
-7.6213641,-72.658675,emp√≥rio bar e distribuidora
-7.6317404,-72.658505,Distribuidora de bebidas Jer√¥nimo
-7.62959,-72.6637754,Distribuidora do Dete
-7.5976148,-72.6833964,DISTRIBUIDORA J.A
-7.61992,-72.6866809,Distribuidora RH
-7.6187725,-72.6876959,Distribuidora Ara√∫jo
-14.6369048,-57.4898103,Serra distribuidora de alimentos
-13.6498258,-57.9062429,Gr beer distribuidora
-13.6480288,-57.9100127,Beer Fest Distribuidora E Conveni√™ncia
-13.6525286,-57.9065948,Distribuidora Rangel
-13.6482335,-57.9026605,Esta√ß√£o espeto e distribuidora
-14.18383,-57.506576,Jm distribuidora
-13.6644448,-57.8807191,Zero Grau distribuidora - Conveni√™ncia
-13.6471195,-57.9167446,Santo Gole Distribuidora e Conveni√™ncia
-13.6549847,-57.8944775,Conveni√™ncia e Distribuidora Cad√™ o Gole ?
-7.0520581,-71.6948097,DISTRIBUIDORA M.R
-7.6193937,-72.6574698,Distribuidora 3 Irm√£os
-13.6624204,-57.890702,Bai√∫ca Distribuidora e Conveni√™ncia
-7.624037,-72.693016,Distribuidora PM Dias
-13.6596728,-57.9026478,Distribuidora e Conveni√™ncia Cade o Gole
-7.6371914,-72.6731127,PRODUTOS CRISTAL DISTRIBUIDORA
-7.6279816,-72.8782371,DISTRIBUIDORA REIS
-13.6411781,-57.914052,Famintos Lanchonete & Distribuidora
-7.6012784,-72.6638432,DISTRIBUIDORA RM CZS
-13.6440673,-57.9093997,Mercearia e Distribuidora jp
-13.6515884,-57.9112497,Est√¢ncia Distribuidora e Conveni√™ncia
-7.5974737,-72.6834933,Distribuidora SM
-7.6260775,-72.6559098,JC Distribuidora Tia Eliza
-7.6364999,-72.6855948,Distribuidora Dantas
-7.6389532,-72.6770798,Distribuidora
-7.6028382,-72.6862438,G A DISTRIBUIDORA
-0.1306013,-67.0882499,Distribuidora Z√© Carneiro
-0.1166695,-67.0893432,Distribuidora Sorvita
-9.6463413,-65.7341384,"Bar, comercial e distribuidora 5 irm√£os"
-25.3890393,-49.2383016,VHR Distribuidora de Bebidas
-19.5667768,-46.9281033,Distribuidora de Alimentos Moreira Cesta B√°sica LTDA
-23.4636834,-46.8775103,A & C Comercial Distribuidora
-25.5524924,-49.2511239,D‚ÄôMARCO Distribuidora de bebidas e conveni√™ncia
-26.7029937,-53.5154882,JP Distribuidora
-10.879806,-51.6415295,Distribuidora de bebidas Sena
-10.6505525,-51.5696666,Diskol Distribuidora e Conveni√™ncia
-10.6474651,-51.5644709,Distribuidora GOMES
-10.6424773,-51.5744665,Comercial e distribuidora J.A
-10.6486628,-51.5618948,Distribuidora de Bebidas Dois Irm√£os
-10.6513161,-51.5724511,Distribuidora Zero Grau e Conveni√™ncia
-10.6445964,-51.5685198,Distribuidora e Ca√ßa e pesca Ca√ßula
-10.6456022,-51.5549274,Distribuidora DG
-10.5371197,-51.8671994,Distribuidora de bebidas 2 irm√£os
-10.6551908,-51.5679936,Distribuidora RR Mini Box
-29.9972173,-51.1995209,Dipam Ga√∫cha Distribuidora
-11.8412265,-55.4975243,Alvo Distribuidora
-11.0332072,-68.7343474,Distribuidora e Mercantil Felip√£o
-11.0248469,-68.7407766,Boc√£o distribuidora de bebidas
-10.8046255,-52.737823,Distribuidora gela guela
-11.8821639,-55.4970393,Mundo Novo Distribuidora de Frutas
-11.0078014,-68.7546295,Distribuidora De Bebidas Do Ot√°vio
-10.6439155,-51.5607156,AC distribuidora
-10.8751041,-51.6338046,Distribuidora de Bebidas e Tabacaria Mil Grau
-11.8769629,-55.5059581,Santa Clara Distribuidora de Banana
-10.8042466,-52.7388347,DISTRIBUIDORA A PRA√áA √â NOSSA
-10.8807541,-51.6366692,Distribuidora De Bebidas Zero Grau
-10.8837635,-51.6312916,Mota distribuidora
-10.9946582,-68.7506132,Distribuidora Disk Gela
-11.89657,-55.503254,Distribuidora de Alimentos Farinelli
-11.932123,-55.5133273,Distribuidora e Conveni√™ncia Cabral
-10.8797079,-51.6430103,Distribuidora JS
-15.5495332,-56.0539236,Mercado e Distribuidora Martins
-10.9954949,-68.7487621,Distribuidora VDL
-10.7837543,-51.9939319,Distribuidora de Bebidas Fragata
-11.0312753,-68.7364525,Distribuidora mariana
-14.6772792,-52.3555033,Gk distribuidora
-11.3070176,-56.2645748,Ice Beer Distribuidora De Bebidas
-10.8049288,-52.7385223,Zer0 Grau Distribuidora
-14.6598188,-52.3584661,Pinguim Distribuidora
-10.9940234,-68.7499859,Distribuidora alvorada
-11.3038004,-56.8154153,JH Distribuidora
-11.0025623,-68.7545752,Distribuidora de bebidas Gabriel
-10.8773385,-51.6297561,Distribuidora do Zeka
-11.3056486,-56.8232035,Vicenzo Distribuidora de Bebidas
-10.999271,-68.7542038,Distribuidora Jp
-10.9988109,-68.7518013,Distribuidora Rodrigues
-11.8576482,-55.5349972,√Ågua Boa Distribuidora
-14.4429728,-54.0574839,DISTRIBUIDORA E CONVENI√äNCIA VIT√ìRIA
-11.0082391,-68.7547636,Distribuidora e sorveteria imp√©rio
-11.84279,-55.480473,AGIL DISTRIBUIDORA DE ALIMENTOS
-13.5609665,-52.2598009,ROOSTIC DISTRIBUIDORA
-2.426923,-54.707779,Fricon Distribuidora
-2.4597698,-54.747,distribuidora imperial
-14.441302,-54.0521101,Distribuidora de Bebidas Conc√≥rdia
-11.9384751,-55.5160189,FOKUS SINOP distribuidora de alimentos / SIGMA PRODUTOS ALIMENTICIOS
-2.285414,-55.4746522,Distribuidora e Supermercado LG
-10.9954148,-68.7522709,Dino Rex Distribuidora
-11.833025,-55.4964336,Bransa Distribuidora De Alimentos ltda
-11.0283869,-68.7396646,HR Distribuidora Hungria
-2.449894,-54.7234208,Gonzaga Distribuidora
-11.6433277,-56.1426045,Esquin√£o Da Carne E Distribuidora De Bebidas
-2.8609358,-67.7708723,Distribuidora Kevin Kenedy
-14.4251067,-54.0543357,Altas Horas Distribuidora de Bebidas
-2.4207841,-54.7114719,Distribuidora Beija Flor
-13.1809711,-53.2544923,Texas Distribuidora
-2.753232,-66.7764448,Distribuidora B&C
-10.9382528,-69.5649512,"Ki D√©licia SORVETERIA, PIZZARIA E DISTRIBUIDORA"
-13.1826278,-53.2559612,Gela Guela- Distribuidora de Bebidas
-10.9355886,-69.5657511,Juninho Distribuidora
-2.7549613,-66.7765321,Distribuidora Francine
-10.940504,-69.5643842,A√ßa√≠teria e distribuidora Muriury
-2.7446684,-66.7704673,Distribuidora CAIO
-14.4268795,-54.052897,Nutrifrigo Distribuidora
-2.7501644,-66.7716841,Distribuidora Beatriz
-13.827678,-53.169051,GABISA DISTRIBUIDORA DE BEBIDAS E ALIMENTOS EM GERAL
-22.5781374,-53.059909,Imp√©rio Distribuidora
-22.5282236,-52.9452583,√Åcqua Primavera - Distribuidora De √Ågua Mineral
-22.3020018,-53.8280394,Distribuidora de Doces Loiola
-22.2545697,-53.3425654,DISTRIBUIDORA COCA COLA
-22.4171757,-54.231312,Distribuidora Munarim
-22.2553459,-53.337927,J R SCHMITT DISTRIBUIDORA DE FRUTAS LTDA
-23.0643516,-54.1920302,DISTRIBUIDORA DE ALIMENTOS NAVIRA√ç
-14.4095262,-51.31668,Distribuidora zamboni Cesta basica
-22.3181095,-53.8196334,HR Distribuidora
-9.7626612,-66.6149359,Distribuidora de Bebidas Evillyn
-9.7579091,-66.6153931,Distribuidora Biavatti
-9.2544001,-64.4042389,Distribuidora coimbra wp
-7.5147874,-63.033357,W P GON√áALVES ME ( MULT DISTRIBUIDORA DYDYO )
-7.5166996,-63.0294343,Mult Distribuidora & Log√≠stica
-7.262584,-64.7894705,Max frios distribuidora
-6.5373307,-64.3874962,Distribuidora Vieira
-5.6250293,-63.1890251,Distribuidora do Binho
-7.0437618,-37.2753741,COMERCIAL SELECTA DISTRIBUIDORA
-7.4688758,-37.2732152,Distribuidora Miguel
-6.7784579,-38.2363383,DSA - Distribuidora Sorriso de Alimentos
-6.7857131,-38.0808117,JJL Distribuidora
-7.037683,-37.3105091,Chambra Distribuidora PB
-7.0341426,-37.2818105,PATOENSE DISTRIBUIDORA DE CARNES E FRIOS
-10.004168,-67.8379468,Distribuidora Ara√∫jo
-9.9879867,-67.8337717,Mercadinho e Distribuidora Nascimento
-9.9667405,-67.8112862,Distribuidora ED+
-9.9495856,-67.8276661,Centro Norte Distribuidora Ltda
-9.9606003,-67.8360776,AJS DISTRIBUIDORA
-9.0689816,-68.6631845,T√î AQUI Distribuidora e Conveni√™ncia
-8.1653529,-70.3416575,Aki tem Hortifruti & distribuidora
-8.8324403,-69.2670533,Distribuidora Murbanense
-8.8335011,-69.2666373,Distribuidora do Piqueno
-9.0639118,-68.6657583,Distribuidora JS
-7.0174757,-37.2820537,P√©-frios distribuidora de frios
-8.8329245,-69.262955,Distribuidora Zero Grau
-7.3762651,-37.193349,Distribuidora Miguel
-9.9064725,-56.0687943,Tavares Distribuidora de Bebidas (Coca-Cola)
-9.0690878,-68.6596867,Distribuidora Altas horas
-9.8863249,-56.0807175,Caapu√£ Distribuidora
-8.8379883,-69.2583982,Distribuidora Brothers
-10.8138634,-55.461462,Disbelider Distribuidora de Bebidas e Alimentos
-10.8484543,-55.1827016,KASBURG DISTRIBUIDORA E CONVENI√äNCIA
-9.0626832,-68.6607324,RC Distribuidora
-6.6572031,-51.9956035,Bodega Distribuidora Bar e Restaurante
-10.2480165,-54.9920239,DISTRIBUIDORA SONIC
-9.9518668,-54.8981885,Frio Fest distribuidora
-9.8526771,-56.0728651,Marim distribuidora
-6.6399525,-51.9728134,Distribuidora e Conveni√™ncia Mundial
-7.0246548,-37.2875363,NORDIL Distribuidora - Patos
-8.1719575,-70.3613589,Distribuidora RC
-8.8385373,-69.2588089,Distribuidora purus
-7.0269014,-37.2804167,LS Distribuidora de Cereais e Ra√ß√µes
-6.7515557,-38.2449324,DSG Distribuidora de Alimentos LTDA - V√≥ Ita Frios
-7.0353239,-37.310431,√Ågil Distribuidora de Alimentos - CD Queiroz
-6.6623318,-69.8677163,DISTRIBUIDORA RAFAELY
-6.6634933,-69.8656366,Distribuidora e Variedades M&Aa
-6.6623558,-69.8673373,MERCEARIA E DISTRIBUIDORA FERNANDES
-7.0088964,-37.2797636,DISFRUT - Distribuidora de Alimentos
-6.6587882,-69.8672453,Distribuidora e Conveni√™ncia Fernandes
-7.6200568,-37.1511851,RD Distribuidora de alimentos e bebidas
-8.624295,-55.0557148,SUBZERO distribuidora de bebidas
-7.0365862,-55.4193798,Progresso Distribuidora de Alimentos e Bebidas
-17.569875,-52.535529,distribuidora o pai ta on
-17.5862631,-52.554087,Distribuidora Rodrigues.com
-10.241736,-48.3167508,M√°xima Distribuidora Brasfrut
-16.4891945,-52.6938324,Distribuidora WL Mania
-17.5763316,-52.5576324,Distribuidora de Milho e Pamonharia Mineiros
-4.2692617,-55.9983843,Distribuidora √Åvila
-13.185923,-60.8273133,Distribuidora Pegue E Pague
-12.7404377,-60.1241442,Distribuidora
-2.4411953,-54.7069184,Comercial Tapaj√≥s distribuidora de bebidas e alimentos
-12.7354685,-60.113281,Norte Distribuidora de G√°s e Conveni√™ncia
-14.7795941,-57.2745451,Distribuidora copo cheio
-14.4085575,-56.4536028,Distribuidora De Bebidas Julimar
-14.6448326,-57.4770461,Oliveira Distribuidora de bebidas
-14.596011,-57.4971814,BPA Distribuidora e conveni√™ncia
-14.4659479,-56.8365789,S&A Mercado e Distribuidora
-14.6325117,-57.4924367,Distribuidora Pit-stop
-7.5845968,-72.750229,KING BEER DISTRIBUIDORA
-4.2558393,-56.0016555,Distribuidora SCHIN Itaituba
-4.2749627,-55.9929989,A. S. Distribuidora de bebidas
-4.2568614,-55.9991917,Distribuidora Agnis
-4.2614503,-55.9904271,Amazon Distribuidora
-14.6127346,-57.4879436,MK Conveni√™ncia e Distribuidora
